Frame,Visibility,X,Y,Time
0,1,965,444,00:00:00.0
1,1,971,436,00:00:00.03333333333333333
2,1,976,431,00:00:00.06666666666666667
3,0,0,0,00:00:00.1
4,0,0,0,00:00:00.13333333333333333
5,0,0,0,00:00:00.16666666666666666
6,0,0,0,00:00:00.2
7,0,0,0,00:00:00.23333333333333334
8,0,0,0,00:00:00.26666666666666666
9,0,0,0,00:00:00.3
10,0,0,0,00:00:00.3333333333333333
11,0,0,0,00:00:00.36666666666666664
12,0,0,0,00:00:00.4
13,0,0,0,00:00:00.43333333333333335
14,0,0,0,00:00:00.4666666666666667
15,0,0,0,00:00:00.5
16,0,0,0,00:00:00.5333333333333333
17,0,0,0,00:00:00.5666666666666667
18,1,1106,399,00:00:00.6
19,1,1111,399,00:00:00.6333333333333333
20,1,1119,406,00:00:00.6666666666666666
21,1,1125,416,00:00:00.7
22,1,1128,429,00:00:00.7333333333333333
23,1,1132,450,00:00:00.7666666666666666
24,1,1134,446,00:00:00.8
25,1,1136,468,00:00:00.8333333333333334
26,1,1141,489,00:00:00.8666666666666667
27,1,1145,511,00:00:00.9
28,1,1149,541,00:00:00.9333333333333333
29,1,1156,568,00:00:00.9666666666666667
30,1,1156,570,00:00:01.0
31,1,1160,596,00:00:01.0333333333333332
32,1,1164,628,00:00:01.0666666666666667
33,1,1166,660,00:00:01.1
34,0,0,0,00:00:01.1333333333333333
35,1,1170,463,00:00:01.1666666666666667
36,0,0,0,00:00:01.2
37,1,1173,376,00:00:01.2333333333333334
38,1,1171,309,00:00:01.2666666666666666
39,1,1170,249,00:00:01.3
40,1,1168,198,00:00:01.3333333333333333
41,1,1168,159,00:00:01.3666666666666667
42,1,1168,159,00:00:01.4
43,1,1168,125,00:00:01.4333333333333333
44,1,1170,93,00:00:01.4666666666666666
45,1,1170,69,00:00:01.5
46,1,1170,46,00:00:01.5333333333333332
47,1,1168,31,00:00:01.5666666666666667
48,1,1170,31,00:00:01.6
49,1,1171,16,00:00:01.6333333333333333
50,1,1171,9,00:00:01.6666666666666667
51,1,1171,5,00:00:01.7
52,0,0,0,00:00:01.7333333333333334
53,0,0,0,00:00:01.7666666666666666
54,0,0,0,00:00:01.8
55,0,0,0,00:00:01.8333333333333333
56,0,0,0,00:00:01.8666666666666667
57,1,1177,7,00:00:01.9
58,1,1179,11,00:00:01.9333333333333333
59,1,1179,20,00:00:01.9666666666666666
60,1,1179,20,00:00:02.0
61,1,1181,31,00:00:02.033333333333333
62,1,1183,46,00:00:02.0666666666666664
63,1,1185,61,00:00:02.1
64,1,1186,80,00:00:02.1333333333333333
65,1,1188,99,00:00:02.1666666666666665
66,1,1190,99,00:00:02.2
67,1,1190,121,00:00:02.2333333333333334
68,1,1194,140,00:00:02.2666666666666666
69,1,1209,90,00:00:02.3
70,1,1068,234,00:00:02.3333333333333335
71,0,0,0,00:00:02.3666666666666667
72,0,0,0,00:00:02.4
73,0,0,0,00:00:02.433333333333333
74,0,0,0,00:00:02.466666666666667
75,0,0,0,00:00:02.5
76,0,0,0,00:00:02.533333333333333
77,0,0,0,00:00:02.5666666666666664
78,0,0,0,00:00:02.6
79,0,0,0,00:00:02.6333333333333333
80,0,0,0,00:00:02.6666666666666665
81,0,0,0,00:00:02.7
82,0,0,0,00:00:02.7333333333333334
83,0,0,0,00:00:02.7666666666666666
84,0,0,0,00:00:02.8
85,0,0,0,00:00:02.8333333333333335
86,0,0,0,00:00:02.8666666666666667
87,0,0,0,00:00:02.9
88,0,0,0,00:00:02.933333333333333
89,0,0,0,00:00:02.966666666666667
90,0,0,0,00:00:03.0
91,0,0,0,00:00:03.033333333333333
92,0,0,0,00:00:03.0666666666666664
93,0,0,0,00:00:03.1
94,0,0,0,00:00:03.1333333333333333
95,0,0,0,00:00:03.1666666666666665
96,0,0,0,00:00:03.2
97,0,0,0,00:00:03.2333333333333334
98,0,0,0,00:00:03.2666666666666666
99,0,0,0,00:00:03.3
100,0,0,0,00:00:03.3333333333333335
101,0,0,0,00:00:03.3666666666666667
102,0,0,0,00:00:03.4
103,0,0,0,00:00:03.433333333333333
104,1,1245,16,00:00:03.466666666666667
105,1,1239,58,00:00:03.5
106,1,1237,99,00:00:03.533333333333333
107,1,1231,144,00:00:03.5666666666666664
108,1,1230,144,00:00:03.6
109,1,1226,185,00:00:03.6333333333333333
110,1,1224,234,00:00:03.6666666666666665
111,1,1216,277,00:00:03.6999999999999997
112,1,1213,311,00:00:03.7333333333333334
113,0,0,0,00:00:03.7666666666666666
114,0,0,0,00:00:03.8
115,0,0,0,00:00:03.8333333333333335
116,0,0,0,00:00:03.8666666666666667
117,1,875,391,00:00:03.9
118,1,836,405,00:00:03.933333333333333
119,1,808,416,00:00:03.966666666666667
120,1,806,416,00:00:04.0
121,1,778,433,00:00:04.033333333333333
122,1,759,444,00:00:04.066666666666666
123,1,736,465,00:00:04.1
124,1,721,480,00:00:04.133333333333333
125,1,706,496,00:00:04.166666666666667
126,1,706,496,00:00:04.2
127,1,691,513,00:00:04.233333333333333
128,1,680,534,00:00:04.266666666666667
129,1,667,553,00:00:04.3
130,1,656,579,00:00:04.333333333333333
131,0,0,0,00:00:04.366666666666666
132,0,0,0,00:00:04.4
133,0,0,0,00:00:04.433333333333334
134,1,680,545,00:00:04.466666666666667
135,0,0,0,00:00:04.5
136,1,720,457,00:00:04.533333333333333
137,1,733,425,00:00:04.566666666666666
138,1,733,425,00:00:04.6
139,1,746,401,00:00:04.633333333333333
140,1,763,380,00:00:04.666666666666667
141,1,780,361,00:00:04.7
142,1,793,346,00:00:04.733333333333333
143,1,808,333,00:00:04.766666666666667
144,1,808,333,00:00:04.8
145,1,823,324,00:00:04.833333333333333
146,1,834,316,00:00:04.866666666666666
147,1,849,313,00:00:04.9
148,1,858,313,00:00:04.933333333333334
149,1,870,313,00:00:04.966666666666667
150,1,870,313,00:00:05.0
151,1,879,316,00:00:05.033333333333333
152,1,888,324,00:00:05.066666666666666
153,1,898,335,00:00:05.1
154,1,909,350,00:00:05.133333333333333
155,1,916,365,00:00:05.166666666666667
156,1,916,365,00:00:05.2
157,1,924,384,00:00:05.233333333333333
158,1,931,403,00:00:05.266666666666667
159,1,948,425,00:00:05.3
160,1,976,421,00:00:05.333333333333333
161,1,1003,418,00:00:05.366666666666666
162,1,1006,420,00:00:05.4
163,1,1023,421,00:00:05.433333333333334
164,1,1038,423,00:00:05.466666666666667
165,1,1051,429,00:00:05.5
166,1,1059,433,00:00:05.533333333333333
167,1,1070,440,00:00:05.566666666666666
168,1,1070,438,00:00:05.6
169,1,1081,444,00:00:05.633333333333333
170,1,1089,459,00:00:05.666666666666667
171,1,1096,466,00:00:05.7
172,1,1104,481,00:00:05.733333333333333
173,1,1108,496,00:00:05.766666666666667
174,1,1110,496,00:00:05.8
175,1,1111,508,00:00:05.833333333333333
176,1,1119,523,00:00:05.866666666666666
177,1,1123,534,00:00:05.9
178,0,0,0,00:00:05.933333333333334
179,1,1130,519,00:00:05.966666666666667
180,0,0,0,00:00:06.0
181,1,1132,513,00:00:06.033333333333333
182,1,1132,513,00:00:06.066666666666666
183,1,1132,519,00:00:06.1
184,1,1136,515,00:00:06.133333333333333
185,1,1134,511,00:00:06.166666666666667
186,1,1134,511,00:00:06.2
187,1,1132,508,00:00:06.233333333333333
188,1,1134,508,00:00:06.266666666666667
189,1,1134,510,00:00:06.3
190,1,1136,510,00:00:06.333333333333333
191,1,1134,504,00:00:06.366666666666666
192,0,0,0,00:00:06.4
193,1,1134,500,00:00:06.433333333333334
194,1,1134,498,00:00:06.466666666666667
195,1,1132,502,00:00:06.5
196,1,1128,502,00:00:06.533333333333333
197,1,1128,500,00:00:06.566666666666666
198,0,0,0,00:00:06.6
199,0,0,0,00:00:06.633333333333333
200,0,0,0,00:00:06.666666666666667
201,0,0,0,00:00:06.7
202,0,0,0,00:00:06.733333333333333
203,0,0,0,00:00:06.766666666666667
204,1,815,170,00:00:06.8
205,1,1706,46,00:00:06.833333333333333
206,1,838,170,00:00:06.866666666666666
207,1,219,226,00:00:06.8999999999999995
208,1,221,225,00:00:06.933333333333334
209,1,226,226,00:00:06.966666666666667
210,1,210,264,00:00:07.0
211,1,219,271,00:00:07.033333333333333
212,1,226,279,00:00:07.066666666666666
213,1,633,538,00:00:07.1
214,1,1415,538,00:00:07.133333333333333
215,1,633,547,00:00:07.166666666666667
216,0,0,0,00:00:07.2
217,0,0,0,00:00:07.233333333333333
218,0,0,0,00:00:07.266666666666667
219,1,885,206,00:00:07.3
220,1,883,204,00:00:07.333333333333333
221,1,875,189,00:00:07.366666666666666
222,1,573,530,00:00:07.3999999999999995
223,1,849,144,00:00:07.433333333333334
224,1,541,476,00:00:07.466666666666667
225,0,0,0,00:00:07.5
226,0,0,0,00:00:07.533333333333333
227,1,789,43,00:00:07.566666666666666
228,1,768,11,00:00:07.6
229,1,699,30,00:00:07.633333333333333
230,1,1370,7,00:00:07.666666666666667
231,0,0,0,00:00:07.7
232,0,0,0,00:00:07.733333333333333
233,1,474,101,00:00:07.766666666666667
234,1,144,75,00:00:07.8
235,1,365,101,00:00:07.833333333333333
236,1,234,76,00:00:07.866666666666666
237,1,1121,41,00:00:07.8999999999999995
238,1,1121,35,00:00:07.933333333333334
239,1,1108,13,00:00:07.966666666666667
240,0,0,0,00:00:08.0
241,0,0,0,00:00:08.033333333333333
242,0,0,0,00:00:08.066666666666666
243,0,0,0,00:00:08.1
244,0,0,0,00:00:08.133333333333333
245,0,0,0,00:00:08.166666666666666
246,0,0,0,00:00:08.2
247,0,0,0,00:00:08.233333333333333
248,1,534,76,00:00:08.266666666666666
249,1,534,60,00:00:08.3
250,1,534,60,00:00:08.333333333333334
251,1,538,52,00:00:08.366666666666667
252,1,1914,18,00:00:08.4
253,1,545,13,00:00:08.433333333333334
254,1,1910,9,00:00:08.466666666666667
255,0,0,0,00:00:08.5
256,0,0,0,00:00:08.533333333333333
257,0,0,0,00:00:08.566666666666666
258,0,0,0,00:00:08.6
259,0,0,0,00:00:08.633333333333333
260,0,0,0,00:00:08.666666666666666
261,0,0,0,00:00:08.7
262,0,0,0,00:00:08.733333333333333
263,0,0,0,00:00:08.766666666666666
264,0,0,0,00:00:08.8
265,0,0,0,00:00:08.833333333333334
266,0,0,0,00:00:08.866666666666667
267,0,0,0,00:00:08.9
268,0,0,0,00:00:08.933333333333334
269,0,0,0,00:00:08.966666666666667
270,0,0,0,00:00:09.0
271,0,0,0,00:00:09.033333333333333
272,0,0,0,00:00:09.066666666666666
273,0,0,0,00:00:09.1
274,0,0,0,00:00:09.133333333333333
275,0,0,0,00:00:09.166666666666666
276,0,0,0,00:00:09.2
277,0,0,0,00:00:09.233333333333333
278,0,0,0,00:00:09.266666666666666
279,1,211,22,00:00:09.3
280,1,210,20,00:00:09.333333333333334
281,1,1614,549,00:00:09.366666666666667
282,0,0,0,00:00:09.4
283,0,0,0,00:00:09.433333333333334
284,1,609,564,00:00:09.466666666666667
285,1,787,526,00:00:09.5
286,1,785,526,00:00:09.533333333333333
287,0,0,0,00:00:09.566666666666666
288,0,0,0,00:00:09.6
289,0,0,0,00:00:09.633333333333333
290,0,0,0,00:00:09.666666666666666
291,0,0,0,00:00:09.7
292,0,0,0,00:00:09.733333333333333
293,0,0,0,00:00:09.766666666666666
294,0,0,0,00:00:09.8
295,0,0,0,00:00:09.833333333333334
296,0,0,0,00:00:09.866666666666667
297,0,0,0,00:00:09.9
298,0,0,0,00:00:09.933333333333334
299,0,0,0,00:00:09.966666666666667
300,0,0,0,00:00:10.0
301,1,920,5,00:00:10.033333333333333
302,1,911,11,00:00:10.066666666666666
303,0,0,0,00:00:10.1
304,0,0,0,00:00:10.133333333333333
305,0,0,0,00:00:10.166666666666666
306,1,538,75,00:00:10.2
307,1,530,76,00:00:10.233333333333333
308,1,547,50,00:00:10.266666666666666
309,1,538,58,00:00:10.3
310,1,538,56,00:00:10.333333333333334
311,1,530,61,00:00:10.366666666666667
312,1,523,69,00:00:10.4
313,1,538,39,00:00:10.433333333333334
314,1,525,41,00:00:10.466666666666667
315,0,0,0,00:00:10.5
316,0,0,0,00:00:10.533333333333333
317,0,0,0,00:00:10.566666666666666
318,1,472,43,00:00:10.6
319,1,425,76,00:00:10.633333333333333
320,1,401,76,00:00:10.666666666666666
321,1,403,43,00:00:10.7
322,1,403,43,00:00:10.733333333333333
323,1,391,41,00:00:10.766666666666666
324,1,365,43,00:00:10.8
325,1,345,39,00:00:10.833333333333334
326,1,286,69,00:00:10.866666666666667
327,0,0,0,00:00:10.9
328,0,0,0,00:00:10.933333333333334
329,1,266,20,00:00:10.966666666666667
330,1,232,9,00:00:11.0
331,0,0,0,00:00:11.033333333333333
332,0,0,0,00:00:11.066666666666666
333,0,0,0,00:00:11.1
334,0,0,0,00:00:11.133333333333333
335,0,0,0,00:00:11.166666666666666
336,1,1918,30,00:00:11.2
337,0,0,0,00:00:11.233333333333333
338,0,0,0,00:00:11.266666666666666
339,0,0,0,00:00:11.3
340,0,0,0,00:00:11.333333333333334
341,0,0,0,00:00:11.366666666666667
342,0,0,0,00:00:11.4
343,1,1916,733,00:00:11.433333333333334
344,0,0,0,00:00:11.466666666666667
345,0,0,0,00:00:11.5
346,0,0,0,00:00:11.533333333333333
347,0,0,0,00:00:11.566666666666666
348,0,0,0,00:00:11.6
349,1,1918,375,00:00:11.633333333333333
350,0,0,0,00:00:11.666666666666666
351,0,0,0,00:00:11.7
352,0,0,0,00:00:11.733333333333333
353,0,0,0,00:00:11.766666666666666
354,1,5,793,00:00:11.8
355,0,0,0,00:00:11.833333333333334
356,0,0,0,00:00:11.866666666666667
357,0,0,0,00:00:11.9
358,0,0,0,00:00:11.933333333333334
359,0,0,0,00:00:11.966666666666667
360,0,0,0,00:00:12.0
361,0,0,0,00:00:12.033333333333333
362,0,0,0,00:00:12.066666666666666
363,1,978,420,00:00:12.1
364,1,967,414,00:00:12.133333333333333
365,0,0,0,00:00:12.166666666666666
366,0,0,0,00:00:12.2
367,0,0,0,00:00:12.233333333333333
368,0,0,0,00:00:12.266666666666666
369,1,898,433,00:00:12.3
370,1,886,444,00:00:12.333333333333334
371,1,871,455,00:00:12.366666666666667
372,1,856,466,00:00:12.4
373,1,847,481,00:00:12.433333333333334
374,1,847,480,00:00:12.466666666666667
375,1,832,500,00:00:12.5
376,1,819,519,00:00:12.533333333333333
377,1,806,543,00:00:12.566666666666666
378,0,0,0,00:00:12.6
379,1,879,538,00:00:12.633333333333333
380,1,883,545,00:00:12.666666666666666
381,0,0,0,00:00:12.7
382,0,0,0,00:00:12.733333333333333
383,1,787,489,00:00:12.766666666666666
384,1,791,463,00:00:12.8
385,1,798,444,00:00:12.833333333333334
386,1,798,442,00:00:12.866666666666667
387,1,806,429,00:00:12.9
388,1,815,418,00:00:12.933333333333334
389,1,825,408,00:00:12.966666666666667
390,1,826,408,00:00:13.0
391,1,830,406,00:00:13.033333333333333
392,1,830,406,00:00:13.066666666666666
393,1,834,414,00:00:13.1
394,1,838,416,00:00:13.133333333333333
395,1,840,421,00:00:13.166666666666666
396,1,843,429,00:00:13.2
397,0,0,0,00:00:13.233333333333333
398,0,0,0,00:00:13.266666666666666
399,0,0,0,00:00:13.299999999999999
400,0,0,0,00:00:13.333333333333334
401,0,0,0,00:00:13.366666666666667
402,0,0,0,00:00:13.4
403,0,0,0,00:00:13.433333333333334
404,0,0,0,00:00:13.466666666666667
405,0,0,0,00:00:13.5
406,0,0,0,00:00:13.533333333333333
407,0,0,0,00:00:13.566666666666666
408,1,907,369,00:00:13.6
409,1,916,363,00:00:13.633333333333333
410,1,916,363,00:00:13.666666666666666
411,1,920,356,00:00:13.7
412,1,922,356,00:00:13.733333333333333
413,0,0,0,00:00:13.766666666666666
414,1,926,376,00:00:13.799999999999999
415,1,928,384,00:00:13.833333333333334
416,1,928,384,00:00:13.866666666666667
417,1,928,399,00:00:13.9
418,1,930,410,00:00:13.933333333333334
419,1,931,425,00:00:13.966666666666667
420,0,0,0,00:00:14.0
421,1,956,466,00:00:14.033333333333333
422,1,954,465,00:00:14.066666666666666
423,1,967,485,00:00:14.1
424,1,971,498,00:00:14.133333333333333
425,1,975,513,00:00:14.166666666666666
426,0,0,0,00:00:14.2
427,0,0,0,00:00:14.233333333333333
428,0,0,0,00:00:14.266666666666666
429,0,0,0,00:00:14.299999999999999
430,0,0,0,00:00:14.333333333333334
431,0,0,0,00:00:14.366666666666667
432,0,0,0,00:00:14.4
433,0,0,0,00:00:14.433333333333334
434,0,0,0,00:00:14.466666666666667
435,0,0,0,00:00:14.5
436,0,0,0,00:00:14.533333333333333
437,0,0,0,00:00:14.566666666666666
438,1,1066,676,00:00:14.6
439,1,1066,675,00:00:14.633333333333333
440,1,1065,676,00:00:14.666666666666666
441,0,0,0,00:00:14.7
442,0,0,0,00:00:14.733333333333333
443,0,0,0,00:00:14.766666666666666
444,0,0,0,00:00:14.799999999999999
445,0,0,0,00:00:14.833333333333334
446,0,0,0,00:00:14.866666666666667
447,0,0,0,00:00:14.9
448,0,0,0,00:00:14.933333333333334
449,0,0,0,00:00:14.966666666666667
450,0,0,0,00:00:15.0
451,0,0,0,00:00:15.033333333333333
452,0,0,0,00:00:15.066666666666666
453,0,0,0,00:00:15.1
454,0,0,0,00:00:15.133333333333333
455,0,0,0,00:00:15.166666666666666
456,0,0,0,00:00:15.2
457,0,0,0,00:00:15.233333333333333
458,0,0,0,00:00:15.266666666666666
459,1,1912,13,00:00:15.299999999999999
460,1,759,75,00:00:15.333333333333334
461,1,759,75,00:00:15.366666666666667
462,1,1269,622,00:00:15.4
463,1,1305,641,00:00:15.433333333333334
464,0,0,0,00:00:15.466666666666667
465,1,1282,633,00:00:15.5
466,1,1239,601,00:00:15.533333333333333
467,1,1230,601,00:00:15.566666666666666
468,0,0,0,00:00:15.6
469,1,1138,556,00:00:15.633333333333333
470,1,1102,549,00:00:15.666666666666666
471,1,1070,540,00:00:15.7
472,1,1040,532,00:00:15.733333333333333
473,1,1035,534,00:00:15.766666666666666
474,1,997,528,00:00:15.799999999999999
475,1,963,530,00:00:15.833333333333334
476,1,933,534,00:00:15.866666666666667
477,1,905,541,00:00:15.9
478,1,881,551,00:00:15.933333333333334
479,1,879,551,00:00:15.966666666666667
480,1,843,566,00:00:16.0
481,1,819,581,00:00:16.03333333333333
482,1,796,594,00:00:16.066666666666666
483,1,770,613,00:00:16.1
484,1,757,631,00:00:16.133333333333333
485,0,0,0,00:00:16.166666666666668
486,0,0,0,00:00:16.2
487,1,796,579,00:00:16.233333333333334
488,1,815,562,00:00:16.266666666666666
489,1,843,541,00:00:16.3
490,1,864,526,00:00:16.333333333333332
491,1,864,525,00:00:16.366666666666667
492,1,883,510,00:00:16.4
493,1,898,500,00:00:16.433333333333334
494,1,913,491,00:00:16.466666666666665
495,1,1693,969,00:00:16.5
496,1,950,485,00:00:16.53333333333333
497,1,952,485,00:00:16.566666666666666
498,1,969,491,00:00:16.6
499,1,980,496,00:00:16.633333333333333
500,1,995,504,00:00:16.666666666666668
501,1,1008,510,00:00:16.7
502,1,1021,519,00:00:16.733333333333334
503,1,1021,519,00:00:16.766666666666666
504,0,0,0,00:00:16.8
505,1,894,579,00:00:16.833333333333332
506,1,748,624,00:00:16.866666666666667
507,1,682,648,00:00:16.9
508,0,0,0,00:00:16.933333333333334
509,0,0,0,00:00:16.966666666666665
510,0,0,0,00:00:17.0
511,0,0,0,00:00:17.03333333333333
512,0,0,0,00:00:17.066666666666666
513,1,369,778,00:00:17.1
514,0,0,0,00:00:17.133333333333333
515,0,0,0,00:00:17.166666666666668
516,1,307,793,00:00:17.2
517,0,0,0,00:00:17.233333333333334
518,1,253,781,00:00:17.266666666666666
519,1,225,781,00:00:17.3
520,1,215,781,00:00:17.333333333333332
521,0,0,0,00:00:17.366666666666667
522,0,0,0,00:00:17.4
523,0,0,0,00:00:17.433333333333334
524,0,0,0,00:00:17.466666666666665
525,0,0,0,00:00:17.5
526,0,0,0,00:00:17.53333333333333
527,1,1051,440,00:00:17.566666666666666
528,0,0,0,00:00:17.6
529,0,0,0,00:00:17.633333333333333
530,0,0,0,00:00:17.666666666666668
531,0,0,0,00:00:17.7
532,0,0,0,00:00:17.733333333333334
533,1,868,586,00:00:17.766666666666666
534,0,0,0,00:00:17.8
535,0,0,0,00:00:17.833333333333332
536,1,924,476,00:00:17.866666666666667
537,1,941,459,00:00:17.9
538,1,939,459,00:00:17.933333333333334
539,1,948,444,00:00:17.966666666666665
540,1,954,431,00:00:18.0
541,1,961,421,00:00:18.03333333333333
542,1,967,414,00:00:18.066666666666666
543,0,0,0,00:00:18.1
544,0,0,0,00:00:18.133333333333333
545,0,0,0,00:00:18.166666666666668
546,1,991,414,00:00:18.2
547,1,995,421,00:00:18.233333333333334
548,1,1001,425,00:00:18.266666666666666
549,0,0,0,00:00:18.3
550,0,0,0,00:00:18.333333333333332
551,0,0,0,00:00:18.366666666666667
552,1,1057,337,00:00:18.4
553,1,1078,286,00:00:18.433333333333334
554,1,1098,236,00:00:18.466666666666665
555,1,1115,189,00:00:18.5
556,1,1115,193,00:00:18.53333333333333
557,1,1136,159,00:00:18.566666666666666
558,1,1151,127,00:00:18.6
559,1,1164,103,00:00:18.633333333333333
560,1,1179,84,00:00:18.666666666666668
561,1,1192,67,00:00:18.7
562,1,1192,65,00:00:18.733333333333334
563,1,1205,54,00:00:18.766666666666666
564,1,1216,43,00:00:18.8
565,1,1228,35,00:00:18.833333333333332
566,1,1239,31,00:00:18.866666666666667
567,1,1241,33,00:00:18.9
568,1,1245,33,00:00:18.933333333333334
569,1,1254,39,00:00:18.966666666666665
570,1,1261,45,00:00:19.0
571,1,1269,54,00:00:19.03333333333333
572,1,1276,65,00:00:19.066666666666666
573,1,1278,84,00:00:19.1
574,1,1280,82,00:00:19.133333333333333
575,1,1284,99,00:00:19.166666666666668
576,1,1288,121,00:00:19.2
577,1,1291,146,00:00:19.233333333333334
578,1,1295,172,00:00:19.266666666666666
579,1,1299,202,00:00:19.3
580,1,1297,200,00:00:19.333333333333332
581,1,1301,232,00:00:19.366666666666667
582,1,1303,264,00:00:19.4
583,1,1303,300,00:00:19.433333333333334
584,1,1305,339,00:00:19.466666666666665
585,0,0,0,00:00:19.5
586,0,0,0,00:00:19.53333333333333
587,1,1305,421,00:00:19.566666666666666
588,1,1293,421,00:00:19.6
589,1,1284,412,00:00:19.633333333333333
590,1,1278,403,00:00:19.666666666666668
591,1,1276,401,00:00:19.7
592,1,1276,401,00:00:19.733333333333334
593,1,1269,403,00:00:19.766666666666666
594,1,1267,406,00:00:19.8
595,1,1265,410,00:00:19.833333333333332
596,1,1261,418,00:00:19.866666666666667
597,1,1261,423,00:00:19.9
598,1,1261,425,00:00:19.933333333333334
599,1,1261,435,00:00:19.966666666666665
600,1,1261,444,00:00:20.0
601,1,1263,457,00:00:20.03333333333333
602,1,1263,453,00:00:20.066666666666666
603,0,0,0,00:00:20.1
604,0,0,0,00:00:20.133333333333333
605,1,1269,399,00:00:20.166666666666668
606,1,1275,384,00:00:20.2
607,1,1280,378,00:00:20.233333333333334
608,1,1286,369,00:00:20.266666666666666
609,1,1290,363,00:00:20.3
610,1,1290,365,00:00:20.333333333333332
611,1,1291,360,00:00:20.366666666666667
612,1,1291,361,00:00:20.4
613,1,1293,365,00:00:20.433333333333334
614,1,1295,369,00:00:20.466666666666665
615,1,1295,376,00:00:20.5
616,1,1297,380,00:00:20.53333333333333
617,1,1297,388,00:00:20.566666666666666
618,1,1299,406,00:00:20.6
619,1,1299,421,00:00:20.633333333333333
620,1,1299,440,00:00:20.666666666666668
621,1,1299,459,00:00:20.7
622,1,1299,463,00:00:20.733333333333334
623,1,1297,481,00:00:20.766666666666666
624,1,1299,510,00:00:20.8
625,1,1297,534,00:00:20.833333333333332
626,1,1299,536,00:00:20.866666666666667
627,0,0,0,00:00:20.9
628,1,1299,481,00:00:20.933333333333334
629,1,1299,461,00:00:20.966666666666665
630,1,1301,425,00:00:21.0
631,1,1308,412,00:00:21.03333333333333
632,1,1318,403,00:00:21.066666666666666
633,1,1321,397,00:00:21.1
634,1,1321,395,00:00:21.133333333333333
635,1,1325,388,00:00:21.166666666666668
636,1,1327,386,00:00:21.2
637,1,1331,388,00:00:21.233333333333334
638,1,1335,388,00:00:21.266666666666666
639,1,1336,391,00:00:21.3
640,1,1336,391,00:00:21.333333333333332
641,1,1338,399,00:00:21.366666666666667
642,1,1342,410,00:00:21.4
643,1,1344,421,00:00:21.433333333333334
644,1,1348,436,00:00:21.466666666666665
645,1,1350,453,00:00:21.5
646,1,1350,457,00:00:21.53333333333333
647,1,1351,466,00:00:21.566666666666666
648,1,1355,489,00:00:21.6
649,1,1359,511,00:00:21.633333333333333
650,1,1359,534,00:00:21.666666666666668
651,0,0,0,00:00:21.7
652,0,0,0,00:00:21.733333333333334
653,1,1308,534,00:00:21.766666666666666
654,0,0,0,00:00:21.8
655,0,0,0,00:00:21.833333333333332
656,0,0,0,00:00:21.866666666666667
657,0,0,0,00:00:21.9
658,0,0,0,00:00:21.933333333333334
659,1,1117,406,00:00:21.966666666666665
660,1,1076,393,00:00:22.0
661,1,1050,386,00:00:22.03333333333333
662,1,1018,378,00:00:22.066666666666666
663,1,988,375,00:00:22.1
664,1,986,375,00:00:22.133333333333333
665,1,961,375,00:00:22.166666666666668
666,1,933,376,00:00:22.2
667,1,903,380,00:00:22.233333333333334
668,1,877,388,00:00:22.266666666666666
669,1,855,397,00:00:22.3
670,1,851,399,00:00:22.333333333333332
671,1,826,410,00:00:22.366666666666667
672,1,798,429,00:00:22.4
673,1,778,446,00:00:22.433333333333334
674,1,757,463,00:00:22.466666666666665
675,1,738,480,00:00:22.5
676,1,735,481,00:00:22.53333333333333
677,1,714,504,00:00:22.566666666666666
678,1,695,530,00:00:22.6
679,1,676,556,00:00:22.633333333333333
680,1,658,583,00:00:22.666666666666668
681,1,639,615,00:00:22.7
682,1,637,618,00:00:22.733333333333334
683,1,624,643,00:00:22.766666666666666
684,1,873,607,00:00:22.8
685,1,705,429,00:00:22.833333333333332
686,1,744,339,00:00:22.866666666666667
687,0,0,0,00:00:22.9
688,0,0,0,00:00:22.933333333333334
689,1,804,198,00:00:22.966666666666665
690,1,830,144,00:00:23.0
691,1,853,99,00:00:23.03333333333333
692,1,871,63,00:00:23.066666666666666
693,0,0,0,00:00:23.1
694,1,894,35,00:00:23.133333333333333
695,1,909,9,00:00:23.166666666666668
696,0,0,0,00:00:23.2
697,0,0,0,00:00:23.233333333333334
698,1,817,740,00:00:23.266666666666666
699,0,0,0,00:00:23.3
700,0,0,0,00:00:23.333333333333332
701,0,0,0,00:00:23.366666666666667
702,0,0,0,00:00:23.4
703,0,0,0,00:00:23.433333333333334
704,0,0,0,00:00:23.466666666666665
705,0,0,0,00:00:23.5
706,0,0,0,00:00:23.53333333333333
707,0,0,0,00:00:23.566666666666666
708,0,0,0,00:00:23.6
709,0,0,0,00:00:23.633333333333333
710,0,0,0,00:00:23.666666666666668
711,0,0,0,00:00:23.7
712,0,0,0,00:00:23.733333333333334
713,0,0,0,00:00:23.766666666666666
714,0,0,0,00:00:23.8
715,1,1123,7,00:00:23.833333333333332
716,1,1130,24,00:00:23.866666666666667
717,1,1140,46,00:00:23.9
718,1,1141,46,00:00:23.933333333333334
719,1,1147,65,00:00:23.966666666666665
720,1,1175,127,00:00:24.0
721,1,1220,223,00:00:24.03333333333333
722,1,1273,324,00:00:24.066666666666666
723,0,0,0,00:00:24.1
724,0,0,0,00:00:24.133333333333333
725,1,1323,433,00:00:24.166666666666668
726,1,1344,480,00:00:24.2
727,1,1359,521,00:00:24.233333333333334
728,1,1374,566,00:00:24.266666666666666
729,1,1383,607,00:00:24.3
730,1,1385,607,00:00:24.333333333333332
731,0,0,0,00:00:24.366666666666667
732,0,0,0,00:00:24.4
733,1,1421,736,00:00:24.433333333333334
734,1,1426,776,00:00:24.466666666666665
735,0,0,0,00:00:24.5
736,0,0,0,00:00:24.53333333333333
737,0,0,0,00:00:24.566666666666666
738,1,1456,879,00:00:24.6
739,1,1400,536,00:00:24.633333333333333
740,1,1393,487,00:00:24.666666666666668
741,1,1387,448,00:00:24.7
742,1,1385,442,00:00:24.733333333333334
743,1,1381,412,00:00:24.766666666666666
744,1,1374,380,00:00:24.8
745,1,1370,356,00:00:24.833333333333332
746,1,1366,339,00:00:24.866666666666667
747,1,1361,318,00:00:24.9
748,1,1363,318,00:00:24.933333333333334
749,1,1361,311,00:00:24.966666666666665
750,1,1359,301,00:00:25.0
751,1,1355,296,00:00:25.03333333333333
752,1,1353,294,00:00:25.066666666666666
753,1,1351,294,00:00:25.1
754,1,1351,294,00:00:25.133333333333333
755,1,1348,300,00:00:25.166666666666668
756,1,1346,305,00:00:25.2
757,1,1344,313,00:00:25.233333333333334
758,1,1344,324,00:00:25.266666666666666
759,1,1344,341,00:00:25.3
760,1,1344,341,00:00:25.333333333333332
761,1,1340,354,00:00:25.366666666666667
762,1,1340,371,00:00:25.4
763,1,1340,391,00:00:25.433333333333334
764,1,1336,412,00:00:25.466666666666665
765,1,1338,436,00:00:25.5
766,1,1338,436,00:00:25.53333333333333
767,1,1340,461,00:00:25.566666666666666
768,1,1336,481,00:00:25.6
769,0,0,0,00:00:25.633333333333333
770,1,1215,350,00:00:25.666666666666668
771,0,0,0,00:00:25.7
772,0,0,0,00:00:25.733333333333334
773,1,1123,255,00:00:25.766666666666666
774,1,1080,210,00:00:25.8
775,1,1044,180,00:00:25.833333333333332
776,1,1008,151,00:00:25.866666666666667
777,1,973,127,00:00:25.9
778,1,975,127,00:00:25.933333333333334
779,1,945,108,00:00:25.966666666666665
780,1,909,91,00:00:26.0
781,1,879,80,00:00:26.03333333333333
782,1,849,73,00:00:26.066666666666666
783,1,823,67,00:00:26.099999999999998
784,1,823,67,00:00:26.133333333333333
785,1,798,65,00:00:26.166666666666668
786,1,765,67,00:00:26.2
787,1,738,71,00:00:26.233333333333334
788,1,714,76,00:00:26.266666666666666
789,1,691,86,00:00:26.3
790,1,690,88,00:00:26.333333333333332
791,1,665,99,00:00:26.366666666666667
792,1,635,121,00:00:26.4
793,1,615,138,00:00:26.433333333333334
794,1,590,161,00:00:26.466666666666665
795,1,571,181,00:00:26.5
796,1,570,181,00:00:26.53333333333333
797,1,547,208,00:00:26.566666666666666
798,1,525,238,00:00:26.599999999999998
799,1,504,271,00:00:26.633333333333333
800,1,483,303,00:00:26.666666666666668
801,1,468,337,00:00:26.7
802,1,468,337,00:00:26.733333333333334
803,1,1029,328,00:00:26.766666666666666
804,1,427,416,00:00:26.8
805,1,410,459,00:00:26.833333333333332
806,1,391,500,00:00:26.866666666666667
807,1,376,540,00:00:26.9
808,1,376,538,00:00:26.933333333333334
809,1,356,586,00:00:26.966666666666665
810,1,346,631,00:00:27.0
811,1,333,680,00:00:27.03333333333333
812,1,313,727,00:00:27.066666666666666
813,0,0,0,00:00:27.099999999999998
814,0,0,0,00:00:27.133333333333333
815,1,294,823,00:00:27.166666666666668
816,0,0,0,00:00:27.2
817,0,0,0,00:00:27.233333333333334
818,0,0,0,00:00:27.266666666666666
819,0,0,0,00:00:27.3
820,0,0,0,00:00:27.333333333333332
821,1,238,1003,00:00:27.366666666666667
822,0,0,0,00:00:27.4
823,0,0,0,00:00:27.433333333333334
824,0,0,0,00:00:27.466666666666665
825,0,0,0,00:00:27.5
826,0,0,0,00:00:27.53333333333333
827,0,0,0,00:00:27.566666666666666
828,0,0,0,00:00:27.599999999999998
829,0,0,0,00:00:27.633333333333333
830,0,0,0,00:00:27.666666666666668
831,1,781,579,00:00:27.7
832,0,0,0,00:00:27.733333333333334
833,0,0,0,00:00:27.766666666666666
834,0,0,0,00:00:27.8
835,0,0,0,00:00:27.833333333333332
836,0,0,0,00:00:27.866666666666667
837,0,0,0,00:00:27.9
838,0,0,0,00:00:27.933333333333334
839,0,0,0,00:00:27.966666666666665
840,0,0,0,00:00:28.0
841,1,740,9,00:00:28.03333333333333
842,0,0,0,00:00:28.066666666666666
843,0,0,0,00:00:28.099999999999998
844,0,0,0,00:00:28.133333333333333
845,0,0,0,00:00:28.166666666666668
846,0,0,0,00:00:28.2
847,0,0,0,00:00:28.233333333333334
848,0,0,0,00:00:28.266666666666666
849,1,911,624,00:00:28.3
850,0,0,0,00:00:28.333333333333332
851,1,900,571,00:00:28.366666666666667
852,0,0,0,00:00:28.4
853,0,0,0,00:00:28.433333333333334
854,0,0,0,00:00:28.466666666666665
855,1,877,468,00:00:28.5
856,1,879,455,00:00:28.53333333333333
857,1,877,444,00:00:28.566666666666666
858,0,0,0,00:00:28.599999999999998
859,0,0,0,00:00:28.633333333333333
860,0,0,0,00:00:28.666666666666668
861,0,0,0,00:00:28.7
862,0,0,0,00:00:28.733333333333334
863,0,0,0,00:00:28.766666666666666
864,0,0,0,00:00:28.8
865,0,0,0,00:00:28.833333333333332
866,0,0,0,00:00:28.866666666666667
867,0,0,0,00:00:28.9
868,0,0,0,00:00:28.933333333333334
869,0,0,0,00:00:28.966666666666665
870,0,0,0,00:00:29.0
871,1,849,502,00:00:29.03333333333333
872,1,849,502,00:00:29.066666666666666
873,0,0,0,00:00:29.099999999999998
874,0,0,0,00:00:29.133333333333333
875,1,808,418,00:00:29.166666666666668
876,1,800,391,00:00:29.2
877,1,791,365,00:00:29.233333333333334
878,1,789,363,00:00:29.266666666666666
879,1,780,346,00:00:29.3
880,1,766,333,00:00:29.333333333333332
881,1,759,324,00:00:29.366666666666667
882,1,751,320,00:00:29.4
883,1,744,316,00:00:29.433333333333334
884,1,742,316,00:00:29.466666666666665
885,1,736,316,00:00:29.5
886,1,729,320,00:00:29.53333333333333
887,1,721,326,00:00:29.566666666666666
888,1,712,335,00:00:29.599999999999998
889,1,706,346,00:00:29.633333333333333
890,1,706,346,00:00:29.666666666666668
891,1,695,361,00:00:29.7
892,1,690,380,00:00:29.733333333333334
893,1,680,399,00:00:29.766666666666666
894,1,699,410,00:00:29.8
895,1,750,384,00:00:29.833333333333332
896,1,750,382,00:00:29.866666666666667
897,1,785,373,00:00:29.9
898,1,806,373,00:00:29.933333333333334
899,1,819,371,00:00:29.966666666666665
900,1,828,373,00:00:30.0
901,1,840,373,00:00:30.03333333333333
902,1,840,375,00:00:30.066666666666666
903,1,849,380,00:00:30.099999999999998
904,1,856,388,00:00:30.133333333333333
905,1,864,397,00:00:30.166666666666668
906,1,870,406,00:00:30.2
907,1,877,416,00:00:30.233333333333334
908,1,877,416,00:00:30.266666666666666
909,0,0,0,00:00:30.3
910,0,0,0,00:00:30.333333333333332
911,0,0,0,00:00:30.366666666666667
912,0,0,0,00:00:30.4
913,0,0,0,00:00:30.433333333333334
914,0,0,0,00:00:30.466666666666665
915,1,997,328,00:00:30.5
916,1,1006,326,00:00:30.53333333333333
917,1,1021,328,00:00:30.566666666666666
918,1,1035,335,00:00:30.599999999999998
919,1,1046,341,00:00:30.633333333333333
920,1,1048,341,00:00:30.666666666666668
921,0,0,0,00:00:30.7
922,1,1072,356,00:00:30.733333333333334
923,1,1078,369,00:00:30.766666666666666
924,1,1085,384,00:00:30.8
925,1,1096,401,00:00:30.833333333333332
926,1,1095,399,00:00:30.866666666666667
927,1,1100,421,00:00:30.9
928,1,1108,444,00:00:30.933333333333334
929,1,1111,470,00:00:30.966666666666665
930,1,1119,495,00:00:31.0
931,1,1126,519,00:00:31.03333333333333
932,1,1126,519,00:00:31.066666666666666
933,1,1130,541,00:00:31.099999999999998
934,1,1123,513,00:00:31.133333333333333
935,1,1115,476,00:00:31.166666666666668
936,1,1113,451,00:00:31.2
937,0,0,0,00:00:31.233333333333334
938,0,0,0,00:00:31.266666666666666
939,0,0,0,00:00:31.3
940,0,0,0,00:00:31.333333333333332
941,0,0,0,00:00:31.366666666666667
942,1,1096,375,00:00:31.4
943,1,1096,367,00:00:31.433333333333334
944,1,1096,367,00:00:31.466666666666665
945,1,1096,365,00:00:31.5
946,1,1096,369,00:00:31.53333333333333
947,1,1093,376,00:00:31.566666666666666
948,1,1091,384,00:00:31.599999999999998
949,1,1089,391,00:00:31.633333333333333
950,1,1089,391,00:00:31.666666666666668
951,1,1087,403,00:00:31.7
952,1,1093,414,00:00:31.733333333333334
953,0,0,0,00:00:31.766666666666666
954,0,0,0,00:00:31.8
955,0,0,0,00:00:31.833333333333332
956,0,0,0,00:00:31.866666666666667
957,0,0,0,00:00:31.9
958,0,0,0,00:00:31.933333333333334
959,0,0,0,00:00:31.966666666666665
960,0,0,0,00:00:32.0
961,0,0,0,00:00:32.03333333333333
962,0,0,0,00:00:32.06666666666666
963,1,939,341,00:00:32.1
964,1,911,316,00:00:32.13333333333333
965,1,886,301,00:00:32.166666666666664
966,1,862,286,00:00:32.2
967,1,841,273,00:00:32.233333333333334
968,1,840,275,00:00:32.266666666666666
969,1,817,266,00:00:32.3
970,1,793,264,00:00:32.333333333333336
971,1,774,264,00:00:32.36666666666667
972,1,753,264,00:00:32.4
973,1,738,268,00:00:32.43333333333333
974,1,736,268,00:00:32.46666666666667
975,1,716,279,00:00:32.5
976,1,699,290,00:00:32.53333333333333
977,1,680,301,00:00:32.56666666666666
978,1,663,318,00:00:32.6
979,1,650,335,00:00:32.63333333333333
980,1,646,333,00:00:32.666666666666664
981,1,628,361,00:00:32.7
982,1,613,386,00:00:32.733333333333334
983,1,600,406,00:00:32.766666666666666
984,1,701,375,00:00:32.8
985,1,744,358,00:00:32.833333333333336
986,1,744,358,00:00:32.86666666666667
987,1,780,350,00:00:32.9
988,1,800,346,00:00:32.93333333333333
989,1,817,346,00:00:32.96666666666667
990,1,830,350,00:00:33.0
991,0,0,0,00:00:33.03333333333333
992,0,0,0,00:00:33.06666666666666
993,0,0,0,00:00:33.1
994,0,0,0,00:00:33.13333333333333
995,0,0,0,00:00:33.166666666666664
996,0,0,0,00:00:33.2
997,0,0,0,00:00:33.233333333333334
998,0,0,0,00:00:33.266666666666666
999,0,0,0,00:00:33.3
1000,1,735,290,00:00:33.333333333333336
1001,1,712,283,00:00:33.36666666666667
1002,1,699,283,00:00:33.4
1003,1,686,283,00:00:33.43333333333333
1004,1,684,283,00:00:33.46666666666667
1005,1,665,286,00:00:33.5
1006,1,648,290,00:00:33.53333333333333
1007,1,631,298,00:00:33.56666666666666
1008,1,618,309,00:00:33.6
1009,1,607,320,00:00:33.63333333333333
1010,1,605,318,00:00:33.666666666666664
1011,1,590,337,00:00:33.7
1012,1,577,354,00:00:33.733333333333334
1013,1,564,375,00:00:33.766666666666666
1014,1,553,393,00:00:33.8
1015,1,541,414,00:00:33.833333333333336
1016,1,540,416,00:00:33.86666666666667
1017,1,526,442,00:00:33.9
1018,1,515,470,00:00:33.93333333333333
1019,1,504,496,00:00:33.96666666666667
1020,1,493,532,00:00:34.0
1021,1,481,560,00:00:34.03333333333333
1022,1,483,560,00:00:34.06666666666666
1023,1,523,534,00:00:34.1
1024,1,560,495,00:00:34.13333333333333
1025,1,600,465,00:00:34.166666666666664
1026,1,630,436,00:00:34.2
1027,1,656,410,00:00:34.233333333333334
1028,1,656,410,00:00:34.266666666666666
1029,1,684,388,00:00:34.3
1030,1,708,373,00:00:34.333333333333336
1031,1,729,365,00:00:34.36666666666667
1032,1,750,361,00:00:34.4
1033,1,766,352,00:00:34.43333333333333
1034,1,768,352,00:00:34.46666666666667
1035,1,789,350,00:00:34.5
1036,1,808,350,00:00:34.53333333333333
1037,1,821,354,00:00:34.56666666666666
1038,1,836,363,00:00:34.6
1039,0,0,0,00:00:34.63333333333333
1040,0,0,0,00:00:34.666666666666664
1041,1,868,384,00:00:34.7
1042,1,881,395,00:00:34.733333333333334
1043,0,0,0,00:00:34.766666666666666
1044,1,879,521,00:00:34.8
1045,0,0,0,00:00:34.833333333333336
1046,0,0,0,00:00:34.86666666666667
1047,0,0,0,00:00:34.9
1048,0,0,0,00:00:34.93333333333333
1049,0,0,0,00:00:34.96666666666667
1050,0,0,0,00:00:35.0
1051,0,0,0,00:00:35.03333333333333
1052,0,0,0,00:00:35.06666666666666
1053,0,0,0,00:00:35.1
1054,0,0,0,00:00:35.13333333333333
1055,0,0,0,00:00:35.166666666666664
1056,1,1021,324,00:00:35.2
1057,1,1027,301,00:00:35.233333333333334
1058,1,1027,301,00:00:35.266666666666666
1059,1,1035,279,00:00:35.3
1060,1,1042,264,00:00:35.333333333333336
1061,1,1048,245,00:00:35.36666666666667
1062,1,1057,238,00:00:35.4
1063,1,1063,234,00:00:35.43333333333333
1064,1,1063,234,00:00:35.46666666666667
1065,1,1066,230,00:00:35.5
1066,1,1074,228,00:00:35.53333333333333
1067,1,1078,234,00:00:35.56666666666666
1068,1,1081,238,00:00:35.6
1069,1,1085,245,00:00:35.63333333333333
1070,1,1085,245,00:00:35.666666666666664
1071,1,1089,260,00:00:35.7
1072,1,1089,273,00:00:35.733333333333334
1073,1,1093,292,00:00:35.766666666666666
1074,1,1093,315,00:00:35.8
1075,1,1096,335,00:00:35.833333333333336
1076,1,1093,331,00:00:35.86666666666667
1077,1,1095,361,00:00:35.9
1078,1,1095,391,00:00:35.93333333333333
1079,1,1095,423,00:00:35.96666666666667
1080,0,0,0,00:00:36.0
1081,0,0,0,00:00:36.03333333333333
1082,0,0,0,00:00:36.06666666666666
1083,1,1138,384,00:00:36.1
1084,1,1151,373,00:00:36.13333333333333
1085,1,1164,365,00:00:36.166666666666664
1086,1,1166,361,00:00:36.2
1087,1,1175,358,00:00:36.233333333333334
1088,1,1175,361,00:00:36.266666666666666
1089,1,1185,363,00:00:36.3
1090,1,1186,367,00:00:36.333333333333336
1091,1,1194,371,00:00:36.36666666666667
1092,1,1198,378,00:00:36.4
1093,1,1201,391,00:00:36.43333333333333
1094,1,1201,390,00:00:36.46666666666667
1095,1,1209,403,00:00:36.5
1096,1,1213,414,00:00:36.53333333333333
1097,1,1216,429,00:00:36.56666666666666
1098,1,1222,444,00:00:36.6
1099,1,1222,463,00:00:36.63333333333333
1100,1,1224,461,00:00:36.666666666666664
1101,1,1228,481,00:00:36.7
1102,1,1231,498,00:00:36.733333333333334
1103,1,1237,521,00:00:36.766666666666666
1104,1,1239,541,00:00:36.8
1105,1,1245,556,00:00:36.833333333333336
1106,1,1246,553,00:00:36.86666666666667
1107,1,1256,463,00:00:36.9
1108,1,1261,384,00:00:36.93333333333333
1109,1,1273,324,00:00:36.96666666666667
1110,1,1205,538,00:00:37.0
1111,1,1284,232,00:00:37.03333333333333
1112,1,1284,230,00:00:37.06666666666666
1113,1,1288,193,00:00:37.1
1114,1,1291,159,00:00:37.13333333333333
1115,1,1295,135,00:00:37.166666666666664
1116,1,1299,110,00:00:37.2
1117,1,1303,95,00:00:37.233333333333334
1118,1,1303,91,00:00:37.266666666666666
1119,1,1306,76,00:00:37.3
1120,1,1308,65,00:00:37.333333333333336
1121,1,1310,58,00:00:37.36666666666667
1122,1,1314,54,00:00:37.4
1123,1,1316,50,00:00:37.43333333333333
1124,1,1316,50,00:00:37.46666666666667
1125,1,1314,54,00:00:37.5
1126,1,1314,58,00:00:37.53333333333333
1127,1,1314,61,00:00:37.56666666666666
1128,1,1314,76,00:00:37.6
1129,1,1314,88,00:00:37.63333333333333
1130,1,1314,88,00:00:37.666666666666664
1131,1,1310,106,00:00:37.7
1132,1,1308,125,00:00:37.733333333333334
1133,1,1306,148,00:00:37.766666666666666
1134,1,1303,174,00:00:37.8
1135,1,1303,198,00:00:37.833333333333336
1136,1,1301,198,00:00:37.86666666666667
1137,1,1299,230,00:00:37.9
1138,1,1295,264,00:00:37.93333333333333
1139,1,1291,296,00:00:37.96666666666667
1140,1,1288,335,00:00:38.0
1141,1,1284,369,00:00:38.03333333333333
1142,1,1006,513,00:00:38.06666666666666
1143,1,1280,410,00:00:38.1
1144,1,1273,438,00:00:38.13333333333333
1145,1,1149,412,00:00:38.166666666666664
1146,0,0,0,00:00:38.2
1147,0,0,0,00:00:38.233333333333334
1148,0,0,0,00:00:38.266666666666666
1149,1,995,382,00:00:38.3
1150,1,1003,395,00:00:38.333333333333336
1151,0,0,0,00:00:38.36666666666667
1152,1,963,406,00:00:38.4
1153,1,950,410,00:00:38.43333333333333
1154,1,948,410,00:00:38.46666666666667
1155,1,931,421,00:00:38.5
1156,1,924,431,00:00:38.53333333333333
1157,1,913,444,00:00:38.56666666666666
1158,0,0,0,00:00:38.6
1159,1,905,457,00:00:38.63333333333333
1160,1,903,457,00:00:38.666666666666664
1161,0,0,0,00:00:38.7
1162,0,0,0,00:00:38.733333333333334
1163,1,1006,406,00:00:38.766666666666666
1164,1,1040,403,00:00:38.8
1165,0,0,0,00:00:38.833333333333336
1166,0,0,0,00:00:38.86666666666667
1167,1,1089,393,00:00:38.9
1168,1,1113,391,00:00:38.93333333333333
1169,1,1132,395,00:00:38.96666666666667
1170,1,1153,401,00:00:39.0
1171,1,1170,406,00:00:39.03333333333333
1172,1,1171,406,00:00:39.06666666666666
1173,1,1188,421,00:00:39.1
1174,1,1203,433,00:00:39.13333333333333
1175,1,1220,448,00:00:39.166666666666664
1176,1,1237,468,00:00:39.2
1177,1,1246,485,00:00:39.233333333333334
1178,1,1246,485,00:00:39.266666666666666
1179,1,1254,504,00:00:39.3
1180,1,1177,470,00:00:39.333333333333336
1181,1,1117,444,00:00:39.36666666666667
1182,0,0,0,00:00:39.4
1183,0,0,0,00:00:39.43333333333333
1184,0,0,0,00:00:39.46666666666667
1185,0,0,0,00:00:39.5
1186,0,0,0,00:00:39.53333333333333
1187,0,0,0,00:00:39.56666666666666
1188,0,0,0,00:00:39.6
1189,0,0,0,00:00:39.63333333333333
1190,0,0,0,00:00:39.666666666666664
1191,0,0,0,00:00:39.7
1192,1,860,401,00:00:39.733333333333334
1193,1,840,410,00:00:39.766666666666666
1194,1,823,421,00:00:39.8
1195,1,808,436,00:00:39.833333333333336
1196,1,806,433,00:00:39.86666666666667
1197,1,791,446,00:00:39.9
1198,1,776,466,00:00:39.93333333333333
1199,1,763,483,00:00:39.96666666666667
1200,1,750,504,00:00:40.0
1201,1,738,523,00:00:40.03333333333333
1202,1,738,525,00:00:40.06666666666666
1203,0,0,0,00:00:40.1
1204,1,714,493,00:00:40.13333333333333
1205,1,705,420,00:00:40.166666666666664
1206,1,965,406,00:00:40.2
1207,1,695,331,00:00:40.233333333333334
1208,1,695,330,00:00:40.266666666666666
1209,1,688,292,00:00:40.3
1210,1,680,258,00:00:40.333333333333336
1211,1,673,232,00:00:40.36666666666667
1212,1,669,211,00:00:40.4
1213,1,663,196,00:00:40.43333333333333
1214,1,665,193,00:00:40.46666666666667
1215,1,660,178,00:00:40.5
1216,1,656,166,00:00:40.53333333333333
1217,1,650,159,00:00:40.56666666666666
1218,1,646,155,00:00:40.6
1219,1,643,155,00:00:40.63333333333333
1220,1,639,155,00:00:40.666666666666664
1221,1,635,159,00:00:40.7
1222,1,631,163,00:00:40.733333333333334
1223,1,628,170,00:00:40.766666666666666
1224,1,624,181,00:00:40.8
1225,1,618,195,00:00:40.833333333333336
1226,1,618,196,00:00:40.86666666666667
1227,1,611,215,00:00:40.9
1228,1,607,236,00:00:40.93333333333333
1229,1,601,256,00:00:40.96666666666667
1230,1,596,286,00:00:41.0
1231,1,590,311,00:00:41.03333333333333
1232,1,590,309,00:00:41.06666666666666
1233,1,586,343,00:00:41.1
1234,1,583,369,00:00:41.13333333333333
1235,0,0,0,00:00:41.166666666666664
1236,0,0,0,00:00:41.2
1237,0,0,0,00:00:41.233333333333334
1238,0,0,0,00:00:41.266666666666666
1239,0,0,0,00:00:41.3
1240,0,0,0,00:00:41.333333333333336
1241,1,1048,455,00:00:41.36666666666667
1242,1,1070,466,00:00:41.4
1243,1,1093,474,00:00:41.43333333333333
1244,1,1095,474,00:00:41.46666666666667
1245,1,1113,493,00:00:41.5
1246,1,1126,508,00:00:41.53333333333333
1247,1,1145,519,00:00:41.56666666666666
1248,1,945,472,00:00:41.6
1249,0,0,0,00:00:41.63333333333333
1250,0,0,0,00:00:41.666666666666664
1251,0,0,0,00:00:41.7
1252,1,1183,429,00:00:41.733333333333334
1253,1,1183,403,00:00:41.766666666666666
1254,1,1194,384,00:00:41.8
1255,1,1201,365,00:00:41.833333333333336
1256,1,1203,365,00:00:41.86666666666667
1257,1,1211,345,00:00:41.9
1258,1,1216,328,00:00:41.93333333333333
1259,1,1218,316,00:00:41.96666666666667
1260,1,1224,309,00:00:42.0
1261,1,1224,305,00:00:42.03333333333333
1262,1,1224,305,00:00:42.06666666666666
1263,1,1226,305,00:00:42.1
1264,1,1230,305,00:00:42.13333333333333
1265,1,1231,309,00:00:42.166666666666664
1266,1,1235,316,00:00:42.2
1267,1,1237,324,00:00:42.233333333333334
1268,1,1239,324,00:00:42.266666666666666
1269,1,1239,339,00:00:42.3
1270,1,1243,350,00:00:42.333333333333336
1271,1,1243,369,00:00:42.36666666666667
1272,1,1243,388,00:00:42.4
1273,1,1245,406,00:00:42.43333333333333
1274,1,1243,406,00:00:42.46666666666667
1275,1,1243,431,00:00:42.5
1276,1,1243,459,00:00:42.53333333333333
1277,1,1243,485,00:00:42.56666666666666
1278,1,1243,511,00:00:42.6
1279,1,1243,541,00:00:42.63333333333333
1280,1,1243,541,00:00:42.666666666666664
1281,1,1241,570,00:00:42.7
1282,0,0,0,00:00:42.733333333333334
1283,1,1132,519,00:00:42.766666666666666
1284,1,1143,549,00:00:42.8
1285,0,0,0,00:00:42.833333333333336
1286,0,0,0,00:00:42.86666666666667
1287,0,0,0,00:00:42.9
1288,1,961,438,00:00:42.93333333333333
1289,1,926,429,00:00:42.96666666666667
1290,1,894,423,00:00:43.0
1291,1,870,418,00:00:43.03333333333333
1292,1,868,416,00:00:43.06666666666666
1293,1,830,421,00:00:43.1
1294,1,804,420,00:00:43.13333333333333
1295,1,778,425,00:00:43.166666666666664
1296,1,755,435,00:00:43.2
1297,1,736,440,00:00:43.233333333333334
1298,1,733,440,00:00:43.266666666666666
1299,1,708,459,00:00:43.3
1300,1,688,468,00:00:43.333333333333336
1301,1,669,485,00:00:43.36666666666667
1302,1,652,498,00:00:43.4
1303,1,637,519,00:00:43.43333333333333
1304,1,633,519,00:00:43.46666666666667
1305,1,615,545,00:00:43.5
1306,1,600,568,00:00:43.53333333333333
1307,1,583,590,00:00:43.56666666666666
1308,1,570,615,00:00:43.6
1309,1,626,525,00:00:43.63333333333333
1310,1,633,511,00:00:43.666666666666664
1311,1,701,395,00:00:43.7
1312,1,751,316,00:00:43.733333333333334
1313,1,793,255,00:00:43.766666666666666
1314,1,832,200,00:00:43.8
1315,1,862,153,00:00:43.833333333333336
1316,1,868,151,00:00:43.86666666666667
1317,1,900,110,00:00:43.9
1318,1,928,76,00:00:43.93333333333333
1319,1,954,48,00:00:43.96666666666667
1320,1,984,22,00:00:44.0
1321,1,1001,11,00:00:44.03333333333333
1322,0,0,0,00:00:44.06666666666666
1323,0,0,0,00:00:44.1
1324,0,0,0,00:00:44.13333333333333
1325,0,0,0,00:00:44.166666666666664
1326,0,0,0,00:00:44.2
1327,0,0,0,00:00:44.233333333333334
1328,0,0,0,00:00:44.266666666666666
1329,0,0,0,00:00:44.3
1330,0,0,0,00:00:44.333333333333336
1331,0,0,0,00:00:44.36666666666667
1332,1,667,570,00:00:44.4
1333,1,678,558,00:00:44.43333333333333
1334,1,676,556,00:00:44.46666666666667
1335,0,0,0,00:00:44.5
1336,1,1226,16,00:00:44.53333333333333
1337,1,1239,37,00:00:44.56666666666666
1338,1,1250,61,00:00:44.6
1339,1,1260,88,00:00:44.63333333333333
1340,1,1260,86,00:00:44.666666666666664
1341,1,1269,121,00:00:44.7
1342,1,1280,153,00:00:44.733333333333334
1343,1,1290,185,00:00:44.766666666666666
1344,1,1297,221,00:00:44.8
1345,1,1305,258,00:00:44.833333333333336
1346,1,1303,256,00:00:44.86666666666667
1347,1,1310,298,00:00:44.9
1348,1,1318,339,00:00:44.93333333333333
1349,1,1323,384,00:00:44.96666666666667
1350,1,1329,425,00:00:45.0
1351,1,1333,470,00:00:45.03333333333333
1352,1,1333,466,00:00:45.06666666666666
1353,1,1333,511,00:00:45.1
1354,1,1336,555,00:00:45.13333333333333
1355,0,0,0,00:00:45.166666666666664
1356,0,0,0,00:00:45.2
1357,1,1126,466,00:00:45.233333333333334
1358,1,1128,465,00:00:45.266666666666666
1359,1,1080,438,00:00:45.3
1360,0,0,0,00:00:45.333333333333336
1361,0,0,0,00:00:45.36666666666667
1362,1,978,401,00:00:45.4
1363,1,961,395,00:00:45.43333333333333
1364,1,958,397,00:00:45.46666666666667
1365,0,0,0,00:00:45.5
1366,1,918,397,00:00:45.53333333333333
1367,1,903,403,00:00:45.56666666666666
1368,1,886,408,00:00:45.6
1369,1,879,414,00:00:45.63333333333333
1370,1,877,412,00:00:45.666666666666664
1371,1,864,425,00:00:45.7
1372,1,853,436,00:00:45.733333333333334
1373,1,845,446,00:00:45.766666666666666
1374,1,834,466,00:00:45.8
1375,1,830,476,00:00:45.833333333333336
1376,1,830,478,00:00:45.86666666666667
1377,1,821,496,00:00:45.9
1378,1,811,519,00:00:45.93333333333333
1379,1,808,540,00:00:45.96666666666667
1380,1,751,478,00:00:46.0
1381,1,750,480,00:00:46.03333333333333
1382,1,744,474,00:00:46.06666666666666
1383,1,718,448,00:00:46.1
1384,1,693,421,00:00:46.13333333333333
1385,1,669,403,00:00:46.166666666666664
1386,1,650,386,00:00:46.2
1387,1,630,373,00:00:46.233333333333334
1388,1,630,373,00:00:46.266666666666666
1389,1,605,361,00:00:46.3
1390,1,583,358,00:00:46.333333333333336
1391,1,566,354,00:00:46.36666666666667
1392,1,549,354,00:00:46.4
1393,1,536,358,00:00:46.43333333333333
1394,1,534,358,00:00:46.46666666666667
1395,1,513,363,00:00:46.5
1396,1,496,373,00:00:46.53333333333333
1397,1,481,384,00:00:46.56666666666666
1398,1,466,395,00:00:46.6
1399,1,453,410,00:00:46.63333333333333
1400,1,451,408,00:00:46.666666666666664
1401,1,435,429,00:00:46.7
1402,1,418,451,00:00:46.733333333333334
1403,1,406,474,00:00:46.766666666666666
1404,1,196,525,00:00:46.8
1405,1,382,525,00:00:46.833333333333336
1406,1,380,523,00:00:46.86666666666667
1407,1,163,601,00:00:46.9
1408,1,144,641,00:00:46.93333333333333
1409,1,343,624,00:00:46.96666666666667
1410,1,118,729,00:00:47.0
1411,1,320,691,00:00:47.03333333333333
1412,1,858,510,00:00:47.06666666666666
1413,1,871,461,00:00:47.1
1414,1,300,772,00:00:47.13333333333333
1415,1,286,811,00:00:47.166666666666664
1416,1,277,856,00:00:47.2
1417,1,273,890,00:00:47.233333333333334
1418,0,0,0,00:00:47.266666666666666
1419,1,264,885,00:00:47.3
1420,1,264,875,00:00:47.333333333333336
1421,1,262,868,00:00:47.36666666666667
1422,1,262,864,00:00:47.4
1423,1,264,864,00:00:47.43333333333333
1424,1,264,864,00:00:47.46666666666667
1425,1,264,868,00:00:47.5
1426,1,264,871,00:00:47.53333333333333
1427,1,266,881,00:00:47.56666666666666
1428,1,264,890,00:00:47.6
1429,1,264,903,00:00:47.63333333333333
1430,1,264,903,00:00:47.666666666666664
1431,1,268,903,00:00:47.7
1432,1,271,901,00:00:47.733333333333334
1433,1,273,907,00:00:47.766666666666666
1434,1,1912,13,00:00:47.8
1435,0,0,0,00:00:47.833333333333336
1436,0,0,0,00:00:47.86666666666667
1437,0,0,0,00:00:47.9
1438,0,0,0,00:00:47.93333333333333
1439,0,0,0,00:00:47.96666666666667
1440,0,0,0,00:00:48.0
1441,0,0,0,00:00:48.03333333333333
1442,0,0,0,00:00:48.06666666666666
